name,value,ceiling_value,ceiling_pct,value_capture_pct,completion_pct,alerts_on_time_pct,energy_payload_wh,energy_total_wh,value_per_wh,latency_mean_min,latency_p95_min,aoi_mean_min,soc_min_pct,soc_mean_pct,shed_pct,below_emin_pct,temp_max_c,above_tsafe_pct,throttled_pct,gpu_duty_pct,dl_util_pct,isl_gb,overflow,expired,processed,offloaded,tx_raw,tx_prod,generated,delivered,backlog_mean_mb,contact_min_per_day
E-LOTUS,152.1335,176.4060,86.2406,52.4468,83.2022,75.4686,217.1295,337.1295,0.7007,160.2454,557.6844,123.7461,68.2317,93.0398,0.0000,0.0000,49.6550,10.5625,0.0000,51.3581,84.3858,7.6245,212.5500,25.6500,972.2500,188.8000,58.6000,968.9000,1461.5000,1216.0000,7605.0039,79.2417
Always-Transmit,3.4159,176.4060,1.9364,1.1776,7.4205,0.0000,51.8483,171.8483,0.0659,165.1374,237.3447,290.6636,68.3958,98.2147,0.0000,0.0000,15.2302,0.0000,0.0000,0.0000,100.0000,0.0000,1284.4500,61.3500,0.0000,0.0000,108.4500,0.0000,1461.5000,108.4500,7866.7165,79.2417
Greedy-Process,5.7054,176.4060,3.2342,1.9669,10.1026,1.7930,218.6410,338.6410,0.0261,543.0187,702.1215,1202.1926,18.4451,23.9565,39.0284,97.9497,60.0692,12.6997,0.0457,60.4896,4.4484,0.0000,325.4500,959.1000,1071.3500,0.0000,0.5500,147.1000,1461.5000,147.6500,7273.3083,79.2417
Store-and-Forward,72.6863,176.4060,41.2040,25.0580,7.5094,64.3032,51.8483,171.8483,1.4019,77.3191,165.4654,168.1012,68.3958,98.2147,0.0000,0.0000,15.2302,0.0000,0.0000,0.0000,100.0000,0.0000,1324.1000,20.3500,0.0000,0.0000,109.7500,0.0000,1461.5000,109.7500,7876.0459,79.2417
Rule-Based,143.9952,176.4060,81.6271,49.6411,49.7366,75.5501,160.6632,280.6632,0.8963,133.3380,478.8784,123.3957,65.6212,95.3584,0.0000,0.0000,45.3248,0.1152,0.0000,33.4128,100.0000,3.1342,712.6000,14.2000,575.1000,73.0500,93.3000,560.6500,1461.5000,726.9000,7755.7676,79.2417
E-LOTUS w/o ISLL,149.0720,176.4060,84.5050,51.3913,71.6900,75.4686,217.0874,337.0874,0.6867,157.5786,562.8104,134.6446,68.2086,92.9313,0.0000,0.0000,49.6316,10.7321,0.0000,51.6260,87.1962,0.0000,389.2000,16.6500,988.3000,0.0000,63.1000,984.6500,1461.5000,1047.7500,7736.7391,79.2417
E-LOTUS w/o entropy,127.0325,176.4060,72.0114,43.7934,78.1389,66.5037,221.7720,341.7720,0.5728,180.0057,551.1999,125.8240,20.2911,24.9433,0.0000,97.0347,54.0959,19.6644,0.0000,53.4206,74.0769,5.3409,195.1500,117.7000,1093.7000,112.0000,42.1500,988.1000,1461.5000,1142.0000,7472.1639,79.2417
E-LOTUS static E_min,152.1335,176.4060,86.2406,52.4468,83.2022,75.4686,217.1295,337.1295,0.7007,160.2454,557.6844,123.7461,68.2317,93.0398,0.0000,0.0000,49.6550,10.5625,0.0000,51.3581,84.3858,7.6245,212.5500,25.6500,972.2500,188.8000,58.6000,968.9000,1461.5000,1216.0000,7605.0039,79.2417
E-LOTUS static E_min V=0.01,147.9730,176.4060,83.8820,51.0124,77.8755,74.4091,220.9078,340.9078,0.6698,180.6406,571.0819,128.2332,32.6560,38.1626,0.0000,0.0000,46.5510,24.6927,0.0000,53.7846,58.5271,7.7074,261.9500,51.4000,925.8000,212.4500,39.3000,886.7000,1461.5000,1138.1500,7500.0720,79.2417
E-LOTUS raw entropy,139.2724,176.4060,78.9499,48.0130,83.7530,72.2086,221.5886,341.5886,0.6285,157.0952,545.9438,122.5374,20.3582,28.9844,0.0000,93.3368,53.5089,21.2049,0.0000,52.5634,87.8643,7.6403,187.2500,42.8000,973.4000,196.6000,56.6000,971.2000,1461.5000,1224.0500,7433.7947,79.2417
