scenario,policy,value,ceiling_value,ceiling_pct,value_capture_pct,completion_pct,alerts_on_time_pct,energy_payload_wh,energy_total_wh,value_per_wh,latency_mean_min,latency_p95_min,aoi_mean_min,soc_min_pct,soc_mean_pct,shed_pct,below_emin_pct,temp_max_c,above_tsafe_pct,throttled_pct,gpu_duty_pct,dl_util_pct,isl_gb,overflow,expired,processed,offloaded,tx_raw,tx_prod,generated,delivered,backlog_mean_mb,contact_min_per_day
Svalbard only,E-LOTUS,145.9896,169.6289,86.0615,49.5468,72.2758,71.8971,194.9367,314.9367,0.7488,117.9989,414.3851,108.5629,70.0490,89.9803,0.0000,0.0000,46.5263,2.9090,0.0000,44.9657,95.3346,7.6770,256.3333,13.6667,858.3333,200.6667,51.6667,822.3333,1482.6667,1071.3333,7157.6028,62.3333
Svalbard only,Rule-Based,139.1682,169.6289,81.9860,47.1952,47.1362,71.8971,159.4351,279.4351,0.8726,122.0106,436.5272,109.2033,69.3524,90.4593,0.0000,0.0000,41.9945,0.0000,0.0000,34.0800,100.0000,3.0893,615.3333,15.6667,584.6667,71.0000,67.0000,562.0000,1482.6667,698.6667,7145.5276,62.3333
Svalbard only,Greedy-Process,39.0008,169.6289,23.4263,13.4574,43.8968,3.4659,265.3535,385.3535,0.1469,277.6848,489.4026,340.3322,18.5947,37.0133,18.5571,55.5015,59.9508,54.6489,0.8063,71.8519,25.8979,0.0000,72.3333,116.3333,1272.6667,0.0000,2.0000,647.6667,1482.6667,649.6667,2867.8750,62.3333
radiator x0.75,E-LOTUS,145.5094,176.1997,82.5283,49.2655,51.2072,71.8971,131.0773,251.0773,1.1102,126.1873,434.8553,107.4585,70.0490,93.3537,0.0000,0.0000,55.6286,77.8434,0.0000,26.7588,43.7978,7.7193,572.3333,13.6667,503.6667,230.0000,36.3333,496.0000,1482.6667,759.0000,7261.9752,80.0000
radiator x0.75,Rule-Based,142.0257,176.1997,80.5106,48.0533,40.4587,71.8971,124.7667,244.7667,1.1382,136.5226,456.7001,108.7424,69.3524,91.9508,0.0000,0.0000,50.0199,82.4035,0.0000,22.0851,100.0000,6.8110,718.3333,15.6667,345.0000,184.3333,91.0000,326.6667,1482.6667,599.6667,7082.4551,80.0000
radiator x0.75,Greedy-Process,41.1004,176.1997,23.5084,14.0165,57.2060,0.0000,194.2739,314.2739,0.2116,240.9704,481.5283,212.6783,59.6628,75.5138,0.0000,0.0000,61.8686,93.7886,53.9390,43.9117,100.0000,0.0000,422.3333,60.6667,781.6667,0.0000,86.0000,762.0000,1482.6667,848.0000,6185.5939,80.0000
load x1.5,E-LOTUS,230.3745,279.6700,82.3180,50.3841,58.1485,77.3735,216.8343,336.8343,1.0631,111.8411,429.4566,106.6394,61.0525,75.7962,0.0000,0.0000,51.2150,30.6173,0.0000,50.6090,96.8936,7.6417,762.3333,17.6667,994.0000,226.6667,78.0000,984.0000,2209.0000,1284.0000,7439.3298,80.0000
load x1.5,Rule-Based,224.2407,279.6700,80.0897,49.0145,44.7033,77.3735,211.6889,331.6889,1.0600,122.3125,456.8423,106.9811,62.3480,70.8867,0.0000,0.0000,46.5713,12.8665,0.0000,49.0348,100.0000,4.5904,1037.6667,19.3333,834.3333,107.3333,81.6667,800.3333,2209.0000,987.0000,7396.3980,80.0000
load x1.5,Greedy-Process,18.9601,279.6700,6.9901,4.2165,18.8417,0.0000,264.2265,384.2265,0.0717,414.4537,519.7469,534.8552,18.2708,32.0297,24.3056,70.4745,60.0645,46.1304,2.8009,72.5922,11.0406,0.0000,781.6667,441.0000,1281.0000,0.0000,0.0000,414.0000,2209.0000,414.0000,6611.1853,80.0000
SOC0 35%,E-LOTUS,149.7469,176.1997,84.9952,50.7443,64.6750,71.8971,165.5864,285.5864,0.9042,111.6030,406.3458,107.1099,35.0490,65.0430,0.0000,0.0000,44.6171,0.1080,0.0000,34.7712,97.2777,7.6961,378.6667,13.6667,681.0000,208.0000,80.6667,674.0000,1482.6667,958.6667,7203.8158,80.0000
SOC0 35%,Rule-Based,145.0741,176.1997,82.2725,49.1191,48.3273,71.8971,159.1380,279.1380,0.9113,119.8313,434.6536,107.3621,35.0490,64.8906,0.0000,0.0000,43.1165,0.0000,0.0000,32.8645,100.0000,3.6962,602.3333,11.3333,557.3333,87.3333,91.3333,539.0000,1482.6667,716.3333,7286.1461,80.0000
SOC0 35%,Greedy-Process,3.5005,176.1997,2.0276,1.1993,8.7184,0.0000,229.4985,349.4985,0.0152,533.7679,585.2315,642.2866,18.2897,24.4455,33.5417,95.3434,53.2276,20.1312,0.0000,63.2737,3.5217,0.0000,199.0000,575.6667,1119.3333,0.0000,0.0000,129.3333,1482.6667,129.3333,5294.3568,80.0000
SOC0 35%,E-LOTUS static E_min,149.7469,176.1997,84.9952,50.7443,64.6750,71.8971,165.5864,285.5864,0.9042,111.6030,406.3458,107.1099,35.0490,65.0431,0.0000,0.0000,44.6172,0.1080,0.0000,34.7712,97.2777,7.6961,378.6667,13.6667,681.0000,208.0000,80.6667,674.0000,1482.6667,958.6667,7203.8278,80.0000
storage 4 GB,E-LOTUS,152.0957,176.1997,86.3351,51.5457,74.2045,71.8971,196.5973,316.5973,0.7732,113.7618,425.6089,106.9943,70.0490,85.2626,0.0000,0.0000,48.1254,6.6667,0.0000,44.3668,96.9399,7.5971,292.6667,12.0000,851.3333,195.3333,69.3333,839.6667,1482.6667,1100.0000,3569.9927,80.0000
storage 4 GB,Rule-Based,144.9589,176.1997,82.2171,49.0867,48.1695,71.8971,161.3289,281.3289,0.8981,114.9609,433.3631,107.5526,69.3524,90.3390,0.0000,0.0000,43.0643,0.0000,0.0000,33.5759,100.0000,3.0546,673.6667,15.6667,576.0000,70.3333,91.6667,553.3333,1482.6667,714.0000,3656.2978,80.0000
storage 4 GB,Greedy-Process,60.5818,176.1997,34.5893,20.5101,47.2201,23.1074,265.2771,385.2771,0.2283,230.7819,487.7009,300.4523,18.5903,36.9540,18.5262,55.5633,60.0317,54.3634,1.3079,71.3835,29.0798,0.0000,162.0000,62.3333,1262.0000,0.0000,9.6667,690.0000,1482.6667,699.6667,1803.9120,80.0000
